{
  "Spain": 0.573349,
  "England": 0.230752,
  "Argentina": 0.1959
}
