{
  "Spain": 0.588829,
  "Argentina": 0.411171
}
