{
  "Spain": 0.579832,
  "Argentina": 0.420168
}
